{
  "name": "TransferCheckers - Secure Transfer Verification",
  "short_name": "TransferCheckers",
  "description": "Verify your transfer status quickly and securely.",
  "start_url": "/index.html",
  "display": "standalone",
  "background_color": "#ffffff",
  "theme_color": "#007bff",
  "icons": [
    {
      "src": "assets/icon-192x192.png",
      "sizes": "192x192",
      "type": "image/png"
    },
    {
      "src": "assets/icon-512x512.png",
      "sizes": "512x512",
      "type": "image/png"
    },
    {
      "src": "assets/maskable-icon-192x192.png",
      "sizes": "192x192",
      "type": "image/png",
      "purpose": "maskable"
    },
    {
      "src": "assets/maskable-icon-512x512.png",
      "sizes": "512x512",
      "type": "image/png",
      "purpose": "maskable"
    }
  ]
}
